# ----------------------------------------
# User attributes overview
# Account: WMC
# Property: https://www.neothink.com/
# ----------------------------------------
#  
# Start date: 20240909
# End date: 20250909
Country ID,Active users
AE,15
AF,4
AL,4
AM,24
AR,24
AS,2
AT,13
AU,99
AW,1
AZ,1
BA,4
BB,1
BD,9
BE,13
BF,1
BG,29
BH,1
BO,1
BR,12
BY,3
CA,155
CD,1
CH,13
CL,1
CM,1
CN,119
CO,13
CR,5
CY,4
CZ,5
DE,90
DK,4
DO,3
DZ,1
EC,2
EE,3
EG,2
ES,62
ET,6
FI,11
FR,94
GB,132
GE,2
GH,16
GP,1
GR,16
GT,4
GU,1
HK,13
HN,3
HR,7
HU,10
ID,77
IE,39
IL,4
IN,144
IR,3
IS,1
IT,30
JE,1
JM,3
JO,2
JP,43
KE,12
KG,3
KH,3
KR,23
KW,1
LA,3
LB,1
LC,1
LK,6
LT,5
LU,2
LV,1
LY,3
MD,1
MG,2
MM,4
MN,2
MP,2
MQ,8
MU,2
MV,1
MX,70
MY,17
MZ,1
NA,1
NC,1
NG,535
NI,1
NL,34
NO,6
NP,191
NZ,15
OM,18
PA,6
PE,4
PG,3
PH,41
PK,12
PL,25
PR,17
PT,11
PY,1
QA,21
RE,1
RO,57
RS,3
RU,196
RW,1
SA,384
SD,1
SE,37
SG,49
SI,3
SK,2
TH,13
TL,1
TN,2
TR,3
TT,1
TZ,3
UG,2
US,17677
UY,2
UZ,1
VI,2
VN,8
YT,1
ZA,235
ZM,1
ZW,3

# Start date: 20240909
# End date: 20250909
Country,Active users
US,17677
NG,535
SA,384
ZA,235
RU,196
NP,191
CA,155

#  
# Start date: 20240909
# End date: 20250909
City,Active users
New York,787
Chicago,446
Los Angeles,392
Dallas,341
Ashburn,301
Clifton,271
Las Vegas,270
Lagos,266
Columbus,259
Santa Clara,258
Houston,226
Atlanta,224
Boston,211
Philadelphia,208
Seattle,181
Phoenix,178
Moscow,166
Denver,151
Kathmandu,144
Riyadh,144
San Jose,141
Miami,126
Oklahoma City,126
Jeddah,125
Charlotte,121
Abuja,116
Minneapolis,115
Lakewood,107
Washington,103
Fort Worth,102
Austin,97
San Francisco,95
Portage,94
Detroit,83
Indianapolis,83
Jacksonville,81
San Antonio,79
Yukon,77
Raleigh,76
Baltimore,75
Kansas City,75
Mission Viejo,70
Birmingham,69
Portland,69
Reading,65
Orlando,64
San Diego,64
Nashville,61
Springfield,60
Boardman,58
Sacramento,54
El Reno,53
Salt Lake City,53
St. Louis,52
Tampa,52
Pittsburgh,50
Honolulu,48
Omaha,47
Cleveland,45
Port Harcourt,45
Louisville,44
Tuscaloosa,44
Dublin,43
Onitsha,43
Memphis,42
Moses Lake,42
Des Moines,41
New Orleans,41
London,40
Dammam,38
Lexington,38
Jackson,37
Singapore,37
Cape Town,36
Pretoria,36
Toronto,36
Paris,35
Virginia Beach,35
El Paso,34
Ibadan,33
Melbourne,33
Fishers,32
Rochester,32
Buffalo,31
Lansing,31
Salem,31
Knoxville,30
Madison,30
Trenton,30
Albuquerque,29
Cincinnati,29
Lafayette,29
Sydney,29
Athens,28
Tijuana,28
Lincoln,27
Greenville,26
Little Rock,26
Milwaukee,26
Savannah,25
Tulsa,25
Mobile,24
Yerevan,24
Charleston,23
Madinah,23
Mexico City,23
Akron,22
Columbia,22
Syracuse,22
Arlington,21
Hyderabad,21
Bloomington,20
Cape Coral,20
Lulea,20
Madrid,20
McAllen,20
St. Petersburg,20
Altoona,19
Doha,19
Manchester,19
Shanghai,19
Albany,18
Anaheim,18
Aurora,18
Boydton,18
Fairfield,18
Fort Collins,18
Hampton,18
Mesa,18
Riverside,18
Ashland,17
Cheektowaga,17
Council Bluffs,17
Greensboro,17
Lancaster,17
Mesquite,17
Midland,17
Sanford,17
Soweto,17
Weatherford,17
Frankfurt,16
Fresno,16
Accra,15
Clinton,15
Ensenada,15
Forest City,15
Franklin,15
Gainesville,15
Jos,15
Lalitpur,15
Newark,15
Oakland,15
Pasadena,15
Prineville,15
Richmond,15
San Juan,15
Santa Rosa,15
Abilene,14
Anchorage,14
Burlington,14
Concord,14
Durban,14
Englewood,14
Hartford,14
Lakeland,14
Macon,14
Modesto,14
Montreal,14
Panchkula,14
Tallahassee,14
Tempe,14
Texarkana,14
Tucson,14
Warsaw,14
Waukesha,14
Berlin,13
Danville,13
Dubai,13
Fremont,13
Hamilton,13
Jasper,13
Jefferson City,13
Johannesburg,13
Lake Charles,13
Makkah,13
Medford,13
Middletown,13
Montgomery,13
San Bernardino,13
Toledo,13
Auburn,12
Brisbane,12
Canton,12
Carbondale,12
Chula Vista,12
Decatur,12
Fort Wayne,12
Hong Kong,12
Independence,12
Jersey City,12
Mount Vernon,12
Plymouth,12
Quincy,12
Reno,12
Sofia,12
Wellington,12
Amsterdam,11
Anza,11
Bengaluru,11
Buenos Aires,11
Cedar Rapids,11
Chattanooga,11
Cheyenne,11
Clarksburg,11
Dayton,11
Depok,11
Fredericksburg,11
Hudson,11
Idaho Falls,11
Lawrenceville,11
Milan,11
Monroe,11
Norfolk,11
Ocala,11
Oxnard,11
Princeton,11
Provo,11
Reston,11
Roanoke,11
Roseville,11
Seoul,11
Tacoma,11
Visalia,11
Waterloo,11
Wyoming,11
Adelaide,10
Asheville,10
Bloomfield,10
Brentwood,10
Bristol,10
Brookhaven,10
Brownsville,10
Camden,10
Colorado Springs,10
Cottage Grove,10
Delhi,10
Erie,10
Fairmont,10
Freehold,10
Gibsonton,10
Hamburg,10
Hammond,10
Harrisburg,10
Howard City,10
Jakarta,10
Kent,10
Lebanon,10
Long Beach,10
Lowell,10
Madisonville,10
Mansfield,10
Milton,10
Murrieta,10
North Bergen,10
Peoria,10
Pleasant Hill,10
San Luis Obispo,10
Sheridan,10
St. Peters,10
West Valley City,10
Westminster,10
Windsor,10
Woodbury,10
Woodland,10
Woodstock,10
Yakima,10
Alexandria,9
Allentown,9
Boise,9
Calhoun,9
Calvert City,9
Cambridge,9
Chico,9
Covington,9
Durham,9
Farmington,9
Fayetteville,9
Florence,9
Gardnerville Ranchos,9
Georgetown,9
Greensburg,9
Helsinki,9
Mason,9
Monticello,9
Muscat,9
Nairobi,9
Niles,9
Norwalk,9
Oceanside,9
Palmdale,9
Pendleton,9
Perry,9
Pietermaritzburg,9
Rocky Mount,9
St. Cloud,9
Vernon,9
Wichita Falls,9
Willoughby,9
Wilson,9
Winchester,9
Aberdeen,8
Asheboro,8
Bayingolin Mongol Autonomous Prefecture,8
Beaverton,8
Bossier City,8
Brandon,8
Clearwater,8
Eureka,8
Evansville,8
Florissant,8
Frankfort,8
Frisco,8
Gastonia,8
Gilbert,8
Greenfield,8
Harrison,8
Hobart,8
Huntsville,8
Hutchinson,8
Kochi,8
Lawrence,8
Leesburg,8
Marysville,8
Maryville,8
Mentor,8
Merced,8
Miami Beach,8
Murfreesboro,8
Needham,8
New Haven,8
Newton,8
Palm Bay,8
Parma,8
Petersburg,8
Piscataway,8
Providence,8
Randburg,8
Richland,8
Rock Hill,8
Roswell,8
Saint Paul,8
Shinjuku City,8
Stonecrest,8
Sunnyvale,8
Tecate,8
Topeka,8
Villa Rica,8
Waverly,8
Winter Haven,8
Yorba Linda,8
Ann Arbor,7
Astoria,7
Batesville,7
Benton,7
Bluffton,7
Bridgeport,7
Buckeye,7
Cairo,7
Ceres,7
Cochran,7
Cypress,7
Dale City,7
Denton,7
Dothan,7
Dover,7
Downey,7
East Meadow,7
Economy,7
Edgerton,7
Elizabethtown,7
Elk Grove Village,7
Florencia,7
Graham,7
Grand Rapids,7
Gresham,7
Hail,7
Harlingen,7
Hastings,7
Hayward,7
Hialeah,7
High Point,7
Hollywood,7
Humboldt,7
Johnstown,7
Karachi,7
Lacey,7
Lake Forest,7
Little River,7
Lynchburg,7
Marietta,7
Melvindale,7
Meridian,7
Mexicali,7
Milford,7
Moline,7
Moreno Valley,7
Nampa,7
Naples,7
Newport,7
North Richland Hills,7
Norwich,7
Oswego,7
Palo Alto,7
Parker,7
Plano,7
Plummer,7
Portsmouth,7
Qingdao,7
Sahibzada Ajit Singh Nagar,7
Sandton,7
Santa Clarita,7
Shakopee,7
Shreveport,7
Sioux City,7
South Bend,7
Stockton,7
Terre Haute,7
Thomasville,7
Vancouver,7
Vienna,7
Wayne,7
West Covina,7
Westfield,7
Wolcott,7
Worcester,7
Abbeville,6
Altadena,6
Atwater,6
Augusta,6
Avon,6
Avondale,6
Bakersfield,6
Bellevue,6
Bellingham,6
Belmont,6
Bezons,6
Burbank,6
Cape Girardeau,6
Carlsbad,6
Caro,6
Carrollton,6
Chesapeake,6
Chillicothe,6
Clarksville,6
Clayton,6
Clewiston,6
Colombo,6
Conway,6
Cumberland,6
Dalton,6
Daytona Beach,6
DeWitt,6
Delray Beach,6
East Los Angeles,6
Flint,6
Freehold Township,6
Friday Harbor,6
Front Royal,6
Grand Ledge,6
Huntington,6
Jonesboro,6
Kuala Lumpur,6
Lanai City,6
Lawrenceburg,6
Lehigh Acres,6
Lewisburg,6
Livingston,6
Lubbock,6
Lucedale,6
Luton,6
Lynwood,6
McConnelsville,6
McHenry,6
Moore,6
Morgantown,6
Mount Pleasant,6
New Braunfels,6
Norderstedt,6
Norman,6
North Fort Myers,6
North Port,6
Olathe,6
Orange,6
Oxford,6
Painesville,6
Palm Beach Gardens,6
Palm Coast,6
Peachtree City,6
Perth,6
Pikeville,6
Pineville,6
Playa del Carmen,6
Plum Grove,6
Portola,6
Powder Springs,6
Rancho Cucamonga,6
Redding,6
Reidsville,6
Richmond Hill,6
Ridgecrest,6
Rome,6
Santa Ana,6
Saratoga Springs,6
Silver Springs,6
Simi Valley,6
Sioux Falls,6
Sonora,6
Spry,6
Stillwater,6
Sulphur,6
Summit Park,6
Sun Prairie,6
Surakarta,6
Tehachapi,6
The Villages,6
Traverse City,6
Turlock,6
Utica,6
Victorville,6
Warren,6
Watertown,6
Waynesboro,6
Westerville,6
Wheaton-Glenmont,6
Winnsboro,6
Winston-Salem,6
Yonkers,6
York,6
Yuba City,6
Zagreb,6
Addis Ababa,5
Al Jubail,5
Anderson,5
Annapolis,5
Aquia Harbour,5
Arlington Heights,5
Arvada,5
Bangkok,5
Bardstown,5
Barstow,5
Baton Rouge,5
Battle Creek,5
Beckley,5
Bedford,5
Bethlehem,5
Biratnagar,5
Bloomingdale,5
Bonita Springs,5
Bowling Green,5
Bradenton,5
Brockton,5
Broken Arrow,5
Brook Park,5
Brookings,5
Brunswick,5
Budapest,5
Canandaigua,5
Carquefou,5
Cebu City,5
Chandigarh,5
Chesaning,5
Cluj-Napoca,5
Coeur d'Alene,5
Colusa,5
Conyers,5
Corning,5
Corpus Christi,5
Cranbury,5
Crawfordsville,5
Crescent City,5
Danbury,5
Delano,5
Dillon,5
Duluth,5
East Brunswick,5
East London,5
Elk Grove,5
Elkhart,5
Elyria,5
Enfield,5
Ephrata,5
Escondido,5
Eugene,5
Farmington Hills,5
Fincastle,5
Fontana,5
Fort Lauderdale,5
Frederick,5
Fulton,5
Garden City,5
Gqeberha,5
Greeley,5
Greenwood,5
Henderson,5
Highland,5
Ho Chi Minh City,5
Holland,5
Hot Springs,5
Huber Heights,5
Inglis,5
Jacksonville Beach,5
Jeffersonville,5
Johnson City,5
Jurupa Valley,5
Kalaheo,5
Kannapolis,5
Keene,5
Keller,5
Kennewick,5
La Grange,5
La Mesa,5
La Verne,5
Lake Geneva,5
Lakeport,5
Lansdale,5
Laredo,5
Laurel,5
Levittown,5
Lewiston,5
Lincolnton,5
Lisbon,5
Little Elm,5
Livonia,5
Logan,5
Lynn,5
Manning,5
Marion,5
Marshall,5
Maumelle,5
McCamey,5
McKinney,5
Medina,5
Merida,5
Millington,5
Minerva,5
Mountain View,5
Mumbai,5
Muskegon,5
Mustang,5
Nantes,5
Norristown,5
North East,5
Odessa,5
Osaka,5
Overland Park,5
Paintsville,5
Panama City,5
Perkasie,5
Pflugerville,5
Pickens,5
Port Charlotte,5
Pulaski,5
Raritan Township,5
Richardson,5
Rocklin,5
Rockville,5
Saint Charles,5
Santa Maria,5
Saratoga,5
Sarver,5
Scottsdale,5
Selma,5
Sevierville,5
Shelbyville,5
Sierra Vista,5
Somerset,5
Splendora,5
Springdale,5
Springville,5
St. George,5
Starkville,5
Stockholm,5
Sugar Hill,5
The Woodlands,5
Tirunelveli,5
Titusville,5
Urumqi,5
Versailles,5
Victoria,5
Waco,5
Wagoner,5
Wesley Chapel,5
West Chicago,5
West Seneca,5
Wichita,5
Willard,5
Wilmington,5
Woodlake,5
Wyldwood,5
Al Hofuf,4
Aliquippa,4
Allen,4
Alma,4
Anoka,4
Apple Valley,4
Ashwaubenon,4
Aspen,4
Atlantic City,4
Bainbridge,4
Bandung,4
Bartlesville,4
Bath,4
Bayonne,4
Beattyville,4
Beijing,4
Bel Air South,4
Beloit,4
Bend,4
Berea,4
Billings,4
Bismarck,4
Blaine,4
Bolivar,4
Boone,4
Boulder,4
Bowie,4
Brawley,4
Brea,4
Brevard,4
Brick Township,4
Brooklyn Park,4
Brussels,4
Bucharest,4
California City,4
Canyon Lake,4
Carmel Hamlet,4
Cartersville,4
Cedar City,4
Centralia,4
Cheney,4
Clarinda,4
Cleveland Heights,4
Cordoba,4
Cottonwood,4
Crown Point,4
Daly City,4
Darien,4
Deltona,4
Denville,4
Eastlake,4
Eden,4
Edinburgh,4
Edmond,4
Edmonds,4
El Cajon,4
Elgin,4
Enid,4
Evans,4
Fairview,4
Findlay,4
Flint Hill,4
Flower Mound,4
Fort Myers,4
Franklin Square,4
Gallipolis,4
Galveston,4
Gary,4
Gautier,4
Gerlach,4
Germantown,4
Gilroy,4
Glendale,4
Goodyear,4
Grand Prairie,4
Grants Pass,4
Gretna,4
Grove City,4
Guatemala City,4
Havana,4
Hendersonville,4
Hermitage,4
Hillsboro,4
Hilo,4
Hilton Head Island,4
Irvington,4
Isle of Palms,4
Jamestown,4
Jefferson,4
Joliet,4
Junction City,4
Kabul,4
Kahului,4
Kailua,4
Kewanee,4
Killeen,4
Kingsland,4
Kingsport,4
Kingston,4
Kuna,4
La Porte,4
Lake City,4
Lakeville,4
Lakewood Ranch,4
Landen,4
Lawton,4
Lenexa,4
Lima,4
Lockport,4
Loveland,4
Maple Grove,4
Marana,4
Marshfield,4
Martinez,4
Maywood,4
Miami Gardens,4
Minden,4
Minot,4
Montclair,4
Mount Airy,4
Muncie,4
Muscle Shoals,4
Nanjing,4
Napa,4
Naperville,4
New London,4
New Philadelphia,4
Newcastle,4
Newport News,4
North Brunswick Township,4
North Myrtle Beach,4
Oak Creek,4
Oak Park,4
Ocean City,4
Ocean Township,4
Ogden,4
Oildale,4
Olympia,4
Onaway,4
Ontario,4
Ottumwa,4
Owosso,4
Oyster Bay,4
Ozark,4
Paramount,4
Payson,4
Pea Ridge,4
Pecos,4
Peculiar,4
Pella,4
Pensacola,4
Perris,4
Petaling Jaya,4
Petoskey,4
Pine Bluff,4
Pine Mountain,4
Plainfield,4
Pleasanton,4
Polokwane,4
Pontiac,4
Pooler,4
Potsdam,4
Prague,4
Pueblo,4
Quitman,4
Racine,4
Revere,4
Richlands,4
Riverview,4
Roanoke Rapids,4
Rockford,4
Rockingham,4
Rogersville,4
Roscommon,4
Roxboro,4
Sagaing,4
Salinas,4
Salisbury,4
San Angelo,4
Sandersville,4
Sandy Springs,4
Santa Fe,4
Sao Paulo,4
Saraland,4
Scottsboro,4
Scottsburg,4
Sebokeng,4
Secunderabad,4
Slippery Rock,4
Somerville,4
Sparks,4
Spokane,4
Spotsylvania Courthouse,4
Stanton,4
Staunton,4
Stevens Point,4
Stuart,4
Sugar Land,4
Summerville,4
Summit,4
Sumter,4
Surprise,4
Taunton,4
Temecula,4
Texanna,4
Tifton,4
Tirana,4
Tracy,4
Trevorton,4
Tukwila,4
Union,4
Uniontown,4
Upper Saint Clair,4
Urbana,4
Valdosta,4
Valencia,4
Van Horn,4
Venice,4
Vinita,4
Walsenburg,4
Warm Springs,4
Warrensburg,4
Waterford,4
Watford City,4
Watsonville,4
Wheaton,4
Whitehall,4
Williston,4
Winter Park,4
Woonsocket,4
Zanesville,4
Abha,3
Abingdon,3
Acharnes,3
Ackerman,3
Agra,3
Ajo,3
Alpena,3
Amarillo,3
American Falls,3
Amherst,3
Andover,3
Annandale,3
Antelope,3
Antioch,3
Antlers,3
Arden-Arcade,3
Arkadelphia,3
Atascocita,3
Auckland,3
Austintown,3
Ave Maria,3
Baldwin,3
Bamberg,3
Bantul,3
Barcelona,3
Bartlett,3
Baytown,3
Belleview,3
Beresford,3
Bigfork,3
Bixby,3
Bloemfontein,3
Bloomsburg,3
Blythewood,3
Bogota,3
Booneville,3
Boynton Beach,3
Bradford,3
Brakpan,3
Bremerton,3
Brighton,3
Bryan,3
Bullhead City,3
Burgas,3
Burleson,3
Burley,3
Burton,3
Camp Hill,3
Cardiff,3
Carl Junction,3
Carmichael,3
Carnot-Moon,3
Cary,3
Casper,3
Cedar Park,3
Centreville,3
Chandler,3
Chatom,3
Chelsea,3
Chennai,3
Chickasha,3
Christchurch,3
Christiansburg,3
Cicero,3
Clarendon,3
Clarkston,3
Clearlake,3
Clermont,3
Clovis,3
Cocoa,3
Coconut Creek,3
Coimbatore,3
Coleman,3
Colonial Park,3
Copperopolis,3
Corona,3
Cortland,3
Cottonwood-Verde Village,3
Council Grove,3
Creve Coeur,3
Crossville,3
Crystal Lake,3
Cudahy,3
Cullman,3
Culpeper,3
Cumming,3
Cuthbert,3
Darmstadt,3
Davenport,3
Davis,3
DeRidder,3
Deer Park,3
Deerfield,3
Deerfield Beach,3
Dhaka,3
Dickinson,3
Dickson,3
Dimmitt,3
Dowagiac,3
Dumaguete City,3
Eagan,3
Eagle Grove,3
East Cobb,3
East Liverpool,3
East Stroudsburg,3
Easton,3
Eastvale,3
Egg Harbor Township,3
Eldersburg,3
Elizabeth,3
Elkin,3
Elmira,3
Emmetsburg,3
Encinitas,3
Euclid,3
Everett,3
Fargo,3
Farmers Branch,3
Farmville,3
Fenton,3
Foley,3
Forest Hills,3
Forest Park,3
Fort Mill,3
Fort Payne,3
Fort Washington,3
Four Corners,3
Frazier Park,3
Freer,3
French Valley,3
Gadsden,3
Gallatin,3
Glenville,3
Gloucester,3
Goldsboro,3
Grand Haven,3
Grapevine,3
Green,3
Green Bay,3
Greeneville,3
Grenada,3
Grinnell,3
Groton,3
Grove,3
Grovetown,3
Gulfport,3
Gunnison,3
Guthrie,3
Guyton,3
Haines City,3
Halifax,3
Hancock,3
Hangzhou,3
Hannibal,3
Hanoi,3
Hanover,3
Harare,3
Hattiesburg,3
Hawthorne,3
Hays,3
Hazard,3
Hemet,3
Hillsborough Township,3
Hobe Sound,3
Holmfirth,3
Homestead,3
Hoover,3
Ida Grove,3
Indian River,3
Indio,3
Inglewood,3
Inman,3
Iron River,3
Irvine,3
Jaipur,3
Johannesburg South,3
Jupiter,3
Kaneohe,3
Kano,3
Katowice,3
Kearney,3
Kearny,3
Kennesaw,3
Kentwood,3
Key West,3
Kilmarnock,3
La Vergne,3
LaCrosse,3
LaGrange,3
Laguna Beach,3
Laguna Niguel,3
Lakeside,3
Lathrop,3
Lead,3
League City,3
Leavenworth,3
Lee's Summit,3
Lekki,3
Lely Resort,3
Lemay,3
Liberty,3
Lindenhurst,3
Lindenwold,3
Ljubljana,3
Loganville,3
Long Neck,3
Longview,3
Lorain,3
Loretto,3
Louisa,3
Lyon,3
Mableton,3
Macclenny,3
Madurai,3
Magee,3
Manchester Township,3
Manhattan,3
Manhattan Beach,3
Manila,3
Marathon,3
Marshalltown,3
Martin,3
Massillon,3
Maysville,3
Mayville,3
Melrose,3
Mesick,3
Methuen,3
Middle Valley,3
Middlesboro,3
Midvale,3
Midway,3
Midwest City,3
Mililani,3
Millville,3
Mineola,3
Monmouth,3
Monrovia,3
Morrisville,3
Mount Olive,3
Mount Washington,3
Mountain City,3
Muntinlupa City,3
Myrtle Beach,3
Nanticoke,3
Needles,3
New Albany,3
New Berlin,3
New Britain,3
New Brunswick,3
New Castle,3
New Kent,3
Newport Beach,3
Niagara Falls,3
North Augusta,3
North Bethesda,3
North Charleston,3
Oakhurst,3
Ocean View,3
Ogdensburg,3
Olean,3
Orchard Lake Village,3
Orem,3
Osage Beach,3
Oviedo,3
Owings Mills,3
Paducah,3
Palm City,3
Palmer,3
Parkland,3
Patterson,3
Pearl City,3
Pentwater,3
Petaluma,3
Phoenixville,3
Pickerington,3
Piedmont,3
Plainsboro Township,3
Plainville,3
Plettenberg Bay,3
Point Pleasant,3
Pomona,3
Port Moresby,3
Poznan,3
Prayagraj,3
Prescott,3
Pullman,3
Pune,3
Quanzhou,3
Quezon City,3
Rahway,3
Ramsey,3
Randolph,3
Rawalpindi,3
Remington,3
Rexburg,3
Ridgeville,3
Rincon,3
Ripley,3
Riverton,3
Rochester Hills,3
Rockmart,3
Rockport,3
Rogers,3
Roodepoort,3
Rosarito,3
Rose Hill,3
Round Rock,3
Roy,3
Rumford,3
Rushville,3
Russell,3
Ruston,3
Saint Joseph,3
Saint-Denis,3
Salyersville,3
San Marcos,3
San Mateo,3
Sanatoga,3
Sapulpa,3
Sartell,3
Schertz,3
SeaTac,3
Seal Beach,3
Seeb,3
Seneca,3
Shenzhen,3
Shepherdsville,3
Shunan,3
Silver Spring,3
Simpsonville,3
Sioux Center,3
Slatington,3
Smith Center,3
Smithville,3
Snellville,3
Socorro,3
South Burlington,3
South Lake Tahoe,3
South Pasadena,3
Southfield,3
Southold,3
Spartanburg,3
Spring Hill,3
State College,3
Sterling Heights,3
Streetsboro,3
Subang Jaya,3
Suffolk,3
Sunbury,3
Sunset,3
Swansboro,3
Sweetwater,3
Sylvania,3
Tallulah,3
Taylor,3
Taylors,3
Teaneck,3
Thornton,3
Timberlake,3
Toano,3
Trinity,3
Troy,3
Tulare,3
Tupelo,3
Ukiah,3
Union City,3
Uniondale,3
University Place,3
Upland,3
Valley Stream,3
Varna,3
Ventnor City,3
Ventura,3
Vereeniging,3
Vicksburg,3
Villa Grove,3
Ville Platte,3
Vincennes,3
Vista,3
Waianae,3
Walla Walla,3
Wallace,3
Wallingford,3
Walnut,3
Wapakoneta,3
Warner Robins,3
Warrenton,3
Wautoma,3
Weirton,3
Wendell,3
West End-Cobb Town,3
West Jordan,3
West Melbourne,3
West Point,3
Westlake,3
Weston,3
White Plains,3
Whitefield,3
Whiteriver,3
Willits,3
Winfield,3
Winlock,3
Winona,3
Wolverhampton,3
Yankton,3
Youngstown,3
Youngsville,3
Yuma,3
Zephyrhills,3
51362,2
75428,2
78570,2
89320,2
91802,2
96272,2
Accokeek,2
Ada,2
Adams,2
Adrian,2
Ahmedabad,2
Al Khobar,2
Alamo,2
Alamogordo,2
Albemarle,2
Albertville,2
Albion,2
Alcoa,2
Alexandroupoli,2
Aliso Viejo,2
Allison Park,2
Almada,2
Altavista,2
Ambridge,2
Amelia,2
American Canyon,2
Amman,2
Amos,2
Andrews,2
Ankeny,2
Annville,2
Antananarivo,2
Antipolo,2
Apopka,2
Appleton,2
Arcadia,2
Arcata,2
Archdale,2
Artesia,2
Atchison,2
Attica,2
Auburn Hills,2
Augsburg,2
Avoca,2
Avon Park,2
Baden,2
Bagley,2
Baguio,2
Ball,2
Bangor,2
Barbourville,2
Barnstable,2
Bay City,2
Bay Springs,2
Bayou Vista,2
Beach Park,2
Beaumont,2
Beaver Dam,2
Becket,2
Beebe,2
Bel Air North,2
Belgrade,2
Belle Fourche,2
Belleville,2
Bellflower,2
Bellmawr,2
Belpre,2
Belton,2
Belzoni,2
Benin City,2
Bennett,2
Benoni,2
Bentonville,2
Bergenfield,2
Beverly,2
Beverly Hills,2
Bhabat,2
Bhubaneswar,2
Biloxi,2
Binghamton,2
Birdsboro,2
Bishopville,2
Bissen,2
Blackman,2
Blacksburg,2
Blackshear,2
Blakely,2
Boca Raton,2
Bonham,2
Bonney Lake,2
Bothell,2
Botkyrka,2
Bountiful,2
Braselton,2
Brazil,2
Breezy Point,2
Bremen,2
Bridgton,2
Brigham City,2
Bristow,2
Broken Bow,2
Brookfield,2
Bruce,2
Bruck an der Leitha,2
Bryson City,2
Buckhannon,2
Buckingham,2
Buckner,2
Buena,2
Buford,2
Bulle,2
Buraydah,2
Burke,2
Burlington Township,2
Butler,2
Buzau,2
Cabot,2
Calera,2
Calgary,2
Calhoun City,2
California,2
Camarillo,2
Campbellsville,2
Campton,2
Carlisle,2
Carmel,2
Carolina Forest,2
Castle Rock,2
Catalina Foothills,2
Cathedral City,2
Cave Junction,2
Cazadero,2
Cecil-Bishop,2
Cedar Falls,2
Centereach,2
Centerville,2
Centurion,2
Chalmette,2
Chambersburg,2
Charles City,2
Charles Town,2
Charlottesville,2
Cheshire,2
Chester,2
Chinle,2
Chino,2
Choctaw,2
Chokio,2
Chongqing,2
Christiana,2
Church Hill,2
Cinnaminson,2
Citrus Heights,2
Claremore,2
Clarkesville,2
Clarksdale,2
Cleburne,2
Cloquet,2
Coatesville,2
Colchester,2
Coldwater,2
College Park,2
College Place,2
College Station,2
Collins,2
Collinsville,2
Colorado City,2
Columbiana,2
Compton,2
Conroe,2
Cookeville,2
Coos Bay,2
Coppell,2
Copperas Cove,2
Coralville,2
Corbin,2
Corinth,2
Cork,2
Cornwall,2
Corry,2
Cottonwood Heights,2
Courtland,2
Cranston,2
Cromwell,2
Croydon,2
Cuyahoga Falls,2
Daegu,2
Dalhart,2
Dar es Salaam,2
Darlington,2
Dasmarinas,2
Davao City,2
Davison,2
DeBary,2
DeLand,2
Deckerville,2
Delaware,2
Denham Springs,2
Dennis,2
Desert Hot Springs,2
Destrehan,2
Dilley,2
Donalsonville,2
Doncaster,2
Dorris,2
Douglas,2
Dover-Foxcroft,2
Downers Grove,2
Draper,2
Drexel Hill,2
Dubuque,2
Dumont,2
Duncan,2
Dundalk,2
Dunkirk,2
Dunlap,2
Eagle Butte,2
East Bethel,2
East Peoria,2
East Providence,2
Eastman,2
Eastsound,2
Eatonton,2
Eau Claire,2
Eden Prairie,2
Edenton,2
Edmonton,2
Edmundston,2
El Segundo,2
Elk City,2
Elkton,2
Ellenton,2
Elmont,2
Enola,2
Ensley,2
Escanaba,2
Eufaula,2
Evesham,2
Ewa Beach,2
Ewa Gentry,2
Exmore,2
Fairport,2
Falls City,2
Farmer City,2
Fawn Grove,2
Federal Way,2
Festus,2
Flagstaff,2
Fleming Island,2
Florala,2
Florin,2
Forest,2
Forest Grove,2
Fort Morgan,2
Fort Smith,2
Fortuna,2
Fountain Hill,2
Fowler,2
Framingham,2
Franklin Township,2
Fredonia,2
Freeport,2
Friendswood,2
Fruita,2
Fultondale,2
Fuzhou,2
Gainesboro,2
Galion,2
Galt,2
Garden Grove,2
Gardena,2
Gardner,2
Garfield Heights,2
Garland,2
Garner,2
Gastonville,2
Gate City,2
Gaylord,2
Glenview,2
Glenwood,2
Gloucester Point,2
Gonzales,2
Goose Creek,2
Gorham,2
Grabag,2
Grafton,2
Grain Valley,2
Grand Forks,2
Grangeville,2
Grass Valley,2
Gray,2
Grayson,2
Great Falls,2
Greater Galesburg,2
Greater Landover,2
Greece,2
Green River,2
Greenacres,2
Greer,2
Griffin,2
Groveland,2
Grover Beach,2
Guntersville,2
Gustine,2
Hackensack,2
Hagerstown,2
Hahira,2
Half Moon Bay,2
Happy Valley,2
Hardwick,2
Harris Hill,2
Hartland,2
Hartselle,2
Hauppauge,2
Hawaiian Paradise Park,2
Hawarden,2
Hazel Crest,2
Hazleton,2
Hebron,2
Helena,2
Hempstead,2
Hennessey,2
Heppner,2
Hernando,2
Herreid,2
Hertford,2
Hickory,2
Highlands Ranch,2
Hinesville,2
Hiram,2
Hockessin,2
Hollandale,2
Holmdel,2
Holyoke,2
Homeland Park,2
Homerville,2
Hopatcong,2
Hope Mills,2
Hoquiam,2
Horizon West,2
Hornell,2
Houghton Lake,2
Houma,2
Howell Township,2
Hueytown,2
Huntington Beach,2
Idabel,2
Idaho Springs,2
Immokalee,2
Incheon,2
Inkster,2
Ionia,2
Ipswich,2
Irmo,2
Irving,2
Ivins,2
Janesville,2
Jeffreys Bay,2
Jena,2
Jerseyville,2
Johnston,2
Jonesville,2
Joplin,2
Joppatowne,2
Jourdanton,2
Julian,2
Kailua-Kona,2
Kalamazoo,2
Kalispell,2
Kampala,2
Kanab,2
Kane,2
Kapolei,2
Karlstad,2
Kaunakakai,2
Kempton Park,2
Kendall West,2
Kenly,2
Kennett,2
Kenton,2
Kettering,2
Kihei,2
Kingman,2
Kings Mountain,2
Kingsville,2
Kingwood,2
Kinston,2
Kirkland,2
Kirtland,2
Kissimmee,2
Klaipeda,2
Kodiak,2
Kokomo,2
La Junta,2
La Pine,2
LaBelle,2
Ladysmith,2
Lake Elsinore,2
Lake Havasu City,2
Lake Mary,2
Lake Zurich,2
Lamesa,2
Land O' Lakes,2
Laramie,2
Largo,2
Lausanne,2
Le Mars,2
Leander,2
Leeds,2
Leon,2
Lewisville,2
Lhasa,2
Lillington,2
Limassol,2
Lincoln Park,2
Linda,2
Linglestown,2
Litchfield,2
Little Egg Harbor Township,2
Little Ferry,2
Littlefield,2
Littleton,2
Live Oak,2
Livermore,2
Lock Haven,2
Locust Grove,2
Longmont,2
Longtown,2
Los Altos Hills,2
Lovejoy,2
Lovington,2
Lufkin,2
Luling,2
Lumberton,2
Lynnwood,2
Lytham St Annes,2
Macedonia,2
Madison Heights,2
Mahopac,2
Maili,2
Malleray,2
Malone,2
Malvern,2
Mandeville,2
Manor,2
Manteca,2
Manton,2
Marco Island,2
Marlboro Township,2
Marrero,2
Marshville,2
Maryland Heights,2
Mattawa,2
McAlester,2
Meadowbrook,2
Mebane,2
Mechanicsville,2
Medan,2
Melville,2
Mendocino,2
Menifee,2
Merrick,2
Merrillville,2
Merritt Island,2
Metairie,2
Metter,2
Miamisburg,2
Middle Township,2
Middlefield,2
Middleton,2
Middletown Township,2
Midrand,2
Millburn,2
Milledgeville,2
Milliken,2
Mills River,2
Mishawaka,2
Missoula,2
Modena,2
Monheim am Rhein,2
Monroeville,2
Montague,2
Montebello,2
Montevideo,2
Morgan,2
Morgan Hill,2
Morristown,2
Morton Grove,2
Mount Holly,2
Mount Joy,2
Mount Pocono,2
Moville,2
Mt. Juliet,2
Muhlenberg Township,2
Muldrow,2
Murphy,2
Murray,2
Muskogee,2
Naaldwijk,2
Nags Head,2
Narva,2
Nashua,2
Neptune Township,2
New Bern,2
New Delhi,2
New Hampton,2
New Iberia,2
New Lenox,2
New Richmond,2
Newcastle upon Tyne,2
Newmanstown,2
Newnan,2
North Bergen Township,2
North Little Rock,2
North Massapequa,2
North Ridgeville,2
North Smithfield,2
North Wilkesboro,2
Northbrook,2
Northport,2
Northwood,2
Norton,2
Norton Shores,2
Norwood,2
Nuremberg,2
Nuriootpa,2
Oak Ridge,2
Oakley,2
Oakville,2
Oberlin,2
Oconomowoc,2
Ocracoke,2
Odenton,2
Oil City,2
Okanogan,2
Old Bridge,2
Old Forge,2
Old Saybrook,2
Oldsmar,2
Olney,2
Omak,2
Opelika,2
Orangeburg,2
Oro Valley,2
Oroville,2
Oroville East,2
Osage City,2
Oshkosh,2
Oskaloosa,2
Othello,2
Owasso,2
Owensboro,2
Pagosa Springs,2
Palatka,2
Palestine,2
Palm Desert,2
Palm River-Clair Mel,2
Palmetto,2
Palmyra,2
Paoli,2
Park City,2
Pasco,2
Pasig,2
Patna,2
Pawnee City,2
Pearland,2
Pembroke Pines,2
Penitas,2
Pequot Lakes,2
Perham,2
Perth Amboy,2
Phnom Penh,2
Piatra Neamt,2
Picayune,2
Pinellas Park,2
Pinole,2
Piqua,2
Pittsfield,2
Placerville,2
Plattsburgh,2
Plattsmouth,2
Plovdiv,2
Pocahontas,2
Poinciana,2
Ponchatoula,2
Pontotoc,2
Poplarville,2
Port Angeles,2
Port Louis,2
Porterdale,2
Poteau,2
Poteet,2
Potosi,2
Pound,2
Prescott Valley,2
Prince George,2
Pueblo West,2
Punxsutawney,2
Rancho Cordova,2
Rancho Santa Margarita,2
Ravenna,2
Rawlins,2
Reedsville,2
Rennes,2
Rensselaer,2
Richards Bay,2
Richmond Heights,2
Ridgeland,2
Rifle,2
Rio Grande City,2
Rio Rancho,2
River Vale,2
Riviera,2
Rock Island,2
Rock Springs,2
Rockledge,2
Rocky River,2
Rohnert Park,2
Rolla,2
Roseburg,2
Rosenberg,2
Ross Township,2
Rowlett,2
Russell Springs,2
Russellville,2
Rutland,2
Saginaw,2
Sahuarita,2
Saint Andrews,2
Saint John,2
Saint Johns,2
Saint Michael,2
Saint Michaels,2
Saint Robert,2
Saint-Eustache,2
Salida,2
Salina,2
Saltillo,2
Sammamish,2
San Carlos,2
San Jacinto,2
San Leandro,2
San Pedro Sula,2
San Tan Valley,2
Sanger,2
Santa Anna,2
Santo Domingo,2
Sarajevo,2
Sarasota,2
Sarnia,2
Sayre,2
Schererville,2
Schofield Barracks,2
Schwarzenburg,2
Scotchtown,2
Scranton,2
Searcy,2
Sebastian,2
Sebring,2
Security-Widefield,2
Sedalia,2
Semarang,2
Seminole,2
Seville,2
Seymour,2
Sharon,2
Sharonville,2
Shawano,2
Shawnee,2
Sherbrooke,2
Shields,2
Show Low,2
Sidney,2
Sinking Spring,2
Skidway Lake,2
Skowhegan,2
Slidell,2
Slough,2
Smithfield,2
Smithtown,2
Social Circle,2
Soquel,2
Soso,2
South Gate,2
South Haven,2
South Pittsburg,2
South Salt Lake,2
South Tangerang,2
Southern Pines,2
Southington,2
Sparta,2
Spokane Valley,2
Spring,2
Springs,2
St. Clair Shores,2
St. Louis Park,2
Stafford Township,2
Stamford,2
Standish,2
Statesboro,2
Sterling,2
Stokesdale,2
Stony Point,2
Stony Ridge,2
Story City,2
Sugarcreek,2
Sumrall,2
Sun City Center,2
Suwanee,2
Swainsboro,2
Swansea,2
Swindon,2
Sylacauga,2
Tahlequah,2
Taif,2
Takamatsu,2
Talladega,2
Tamiami,2
Tarpon Springs,2
Taylorville,2
Tazewell,2
Tbilisi,2
Tecumseh,2
Temple,2
Terrace,2
Texas charter Township,2
The Hammocks,2
Thermopolis,2
Thessaloniki,2
Thousand Oaks,2
Tillamook,2
Tinley Park,2
Toms River,2
Torrington,2
Towanda,2
Tripoli,2
Troutman,2
Trumann,2
Truth or Consequences,2
Tuckahoe,2
Tucker,2
Tunis,2
Turin,2
Tuscumbia,2
Twain Harte,2
Tyler,2
Umea,2
Union Point,2
University City,2
University Park,2
Urbandale,2
Vacaville,2
Valley City,2
Valparaiso,2
Valrico,2
Van Buren,2
Vandalia,2
Vanderbijlpark,2
Vass,2
Vero Beach,2
Vineland,2
Vineyard,2
Vitebsk,2
Vitoria-Gasteiz,2
Wakefield,2
Waleska,2
Walker,2
Walnut Creek,2
Walpole,2
Walterboro,2
Wantagh,2
Warrens,2
Warrensville Heights,2
Waupun,2
Waxhaw,2
Waycross,2
Wayland,2
Weare,2
Wells,2
Wenatchee,2
West Allis,2
West Chester,2
West Jefferson,2
West Mifflin,2
West Orange,2
West Palm Beach,2
West Sacramento,2
West Wendover,2
Westampton Township,2
Westford,2
Westland,2
Westmont,2
Wheatfield,2
Wheeling,2
Whittier,2
Wickliffe,2
Wiesbaden,2
Williamsburg,2
Williamson,2
Williamsport,2
Williamston,2
Windber,2
Winder,2
Winter Garden,2
Wolf Lake,2
Wollongong,2
Woodridge,2
Wroclaw,2
Yogyakarta,2
Yucaipa,2
Zaria,2
Zolfo Springs,2
Zurich,2
's-Hertogenbosch,1
2673,1
29493,1
30460,1
3974,1
4814,1
50490,1
51520,1
53165,1
57682,1
61490,1
66978,1
67577,1
72660,1
79589,1
80330,1
8583,1
8946,1
9262,1
94970,1
Abbotsford,1
Aberdeen Township,1
Abington,1
Absecon,1
Abu Dhabi,1
Acapulco,1
Acireale,1
Acton,1
Addis,1
Adel,1
Adelanto,1
Adelphi,1
Afton,1
Agartala,1
Agoura Hills,1
Agua Dulce,1
Aguascalientes,1
Aiken,1
Airdrie,1
Ajmer,1
Ak-Chin Indian Community,1
Al Qatif,1
Alachua,1
Alameda,1
Alamosa,1
Alba Iulia,1
Alberton,1
Albia,1
Albury,1
Alexis,1
Algiers,1
Alice,1
Aliceville,1
Allegan,1
Allendale,1
Allendale Charter Township,1
Alpine,1
Alta Sierra,1
Altamont,1
Alturas,1
Alva,1
Amagasaki,1
Americus,1
Ames,1
Amite City,1
Amity,1
Anadarko,1
Andalusia,1
Andong-si,1
Angeles,1
Anna,1
Ansan-si,1
Antibes,1
Aomori,1
Apache Junction,1
Aparecida de Goiania,1
Appomattox,1
Ar-Rayyan,1
Aransas Pass,1
Arar,1
Arbuckle,1
Arcade,1
Ardmore,1
Argenteuil,1
Arkansas City,1
Arnold,1
Arnold Air Force Base,1
Arrondissement of Halle-Vilvoorde,1
Arroyo Grande,1
Arusha,1
Asahikawa,1
Asbury Lake,1
Ashburnham,1
Ashford,1
Ashkelon,1
Ashton-in-Makerfield,1
Ashville,1
Asnieres-sur-Seine,1
Aspen Hill,1
Atascadero,1
Athol,1
Atkinson,1
Atlantic Beach,1
Atmore,1
Aventura,1
Avon Lake,1
Aynor,1
Azalea Park,1
Azle,1
Bacolod,1
Bacoor,1
Bacup,1
Bad Urach,1
Badin,1
Baker City,1
Baku,1
Bala Cynwyd,1
Baldwyn,1
Ballito,1
Ban Suan,1
Bandar Lampung,1
Bandon,1
Bangaon,1
Banjarnegara,1
Banning,1
Bansko,1
Bar Harbor,1
Baraboo,1
Barboursville,1
Bari,1
Barnegat Township,1
Barnwell,1
Barre,1
Barrington,1
Barry,1
Bartow,1
Basin,1
Basse Sangtempe,1
Bastrop,1
Batavia,1
Batemans Bay,1
Bathurst,1
Baunatal,1
Baxley,1
Baxter Springs,1
Bay Shore,1
Bayamon,1
Bayonet Point,1
Bayou La Batre,1
Baza,1
Beachwood,1
Beacon,1
Bealeton,1
Beaufort,1
Beaver,1
Beavercreek,1
Becker,1
Beckett Ridge,1
Bee Cave,1
Beech Grove,1
Beechwood,1
Beirut,1
Bel Air,1
Belding,1
Belen,1
Belfast,1
Bell,1
Bella Vista,1
Belle Glade,1
Bellefontaine,1
Bellefonte,1
Belmond,1
Beltsville,1
Belvidere,1
Bemidji,1
Benbrook,1
Bennsville,1
Bergamo,1
Bergen Municipality,1
Beringen,1
Bermuda Dunes,1
Bernalillo,1
Berne,1
Bertem,1
Bessemer,1
Bethel,1
Bethel Park,1
Bethesda,1
Bettendorf,1
Beulah,1
Beulaville,1
Bhagalpur,1
Bhimavaram,1
Biel/Bienne,1
Big Lake,1
Big Rapids,1
Big Spring,1
Big Stone Gap,1
Bilbao,1
Billerica,1
Biltmore Forest,1
Bishop,1
Black Forest,1
Blackduck,1
Blackwell,1
Bladenboro,1
Blairsville,1
Blanchard,1
Blandon,1
Blankenfelde-Mahlow,1
Blue Bell,1
Blue Hill,1
Blue Island,1
Blue Ridge,1
Boaz,1
Boca Del Mar,1
Boerne,1
Bogalusa,1
Bohemia,1
Boiling Springs,1
Boksburg,1
Bolingbrook,1
Bon Air,1
Bonneau,1
Bonners Ferry,1
Boucherville,1
Bouguenais,1
Bourbonnais,1
Bourne,1
Boyne City,1
Bozeman,1
Bracebridge,1
Brainerd,1
Brandenburg,1
Brandywine,1
Branford,1
Brasov,1
Bratislava,1
Brattleboro,1
Brazoria,1
Breaux Bridge,1
Brecksville,1
Briarcliff Manor,1
Bridgeton,1
Bridgman,1
Bridport,1
Brighton and Hove,1
Brimley,1
Broadview Heights,1
Brockville,1
Brodnica,1
Brogden,1
Bronkhorstspruit,1
Brookland,1
Brookline,1
Brooklyn,1
Brooklyn Center,1
Broomall,1
Broomfield,1
Brownfields,1
Brownsburg,1
Brownville,1
Brush,1
Brushy Creek,1
Bryant,1
Bryn Athyn,1
Buchanan,1
Buchanan Dam,1
Bucyrus,1
Buena Park,1
Buena Ventura Lakes,1
Bull Run,1
Bullard,1
Bunnell,1
Burbage,1
Buren,1
Burgos,1
Burien,1
Burnaby,1
Burnsville,1
Bury,1
Butte,1
Bydgoszcz,1
Byram,1
Byrnes Mill,1
Cable,1
Caen,1
Cagayan de Oro,1
Cagnes-sur-Mer,1
Calabasas,1
Caldwell,1
Caledonia,1
Calexico,1
Cali,1
Calimesa,1
Calumet City,1
Calvillo,1
Calvinia,1
Camano,1
Cambrils,1
Camilla,1
Camp Verde,1
Campbell,1
Campbell River,1
Canadian Lakes,1
Canajoharie,1
Canal Winchester,1
Cancun,1
Candler-McAfee,1
Canonsburg,1
Canterbury,1
Cantonment,1
Cantu,1
Canyon,1
Cape Charles,1
Capitola,1
Carcassonne,1
Carlinville,1
Carneys Point Township,1
Carol Stream,1
Carolina,1
Carpentersville,1
Carpinteria,1
Carriere,1
Carson,1
Carson City,1
Carthage,1
Carver,1
Caryville,1
Casa Grande,1
Cascade,1
Cashiers,1
Casselton,1
Cassopolis,1
Cassville,1
Castaic,1
Castelldefels,1
Castle Hills,1
Castlewood,1
Castres,1
Castroville,1
Catawba,1
Cathcart,1
Catonsville,1
Cave Spring,1
Cedar Grove,1
Cedar Springs,1
Cedartown,1
Celeste,1
Celina,1
Centennial,1
Central Falls,1
Central Islip,1
Central Point,1
Centre,1
Chadron,1
Chalandri,1
Chambers,1
Champaign,1
Channahon,1
Channelview,1
Chantilly,1
Chapin,1
Chappell Hill,1
Chardon,1
Charleville-Mezieres,1
Chaska,1
Chatham,1
Chatham Township,1
Chatsworth,1
Cheat Lake,1
Chelmsford,1
Cheraw,1
Cherbourg-Octeville,1
Cherry Hill Township,1
Chesterfield,1
Chesterton,1
Chestnut Ridge,1
Chetumal,1
Chewelah,1
Chigasaki,1
Chilliwack,1
Chino Hills,1
Chippewa Falls,1
Chittagong,1
Chowchilla,1
Christmas Valley,1
Churchville,1
Cibolo,1
Cinco Ranch,1
Circleville,1
City Of Manila,1
Clackamas,1
Claiborne,1
Claremont,1
Clarion,1
Clay,1
Clay Center,1
Claymont,1
Clear Lake,1
Clearfield,1
Cleves,1
Clintonville,1
Clyde,1
Coal City,1
Coalgate,1
Coaling,1
Coalinga,1
Cocoa Beach,1
Cody,1
Coffeyville,1
Coffs Harbour,1
Cohasset,1
Cold Spring,1
Coldstream,1
Colesville,1
College,1
Cologne,1
Coloma,1
Colombes,1
Colon,1
Colton,1
Colts Neck,1
Columbia City,1
Columbia Falls,1
Colville,1
Comanche,1
Commerce,1
Commerce Charter Township,1
Comstock Park,1
Conover,1
Coon Rapids,1
Cooper City,1
Coopersville,1
Copenhagen,1
Coquitlam,1
Coral Gables,1
Coral Springs,1
Cordele,1
Cormeilles-en-Parisis,1
Cornwall-on-Hudson,1
Coronaca,1
Coronado,1
Corvallis,1
Corydon,1
Coshocton,1
Coto de Caza,1
Cottage Lake,1
Cottondale,1
Cotulla,1
Counce,1
Country Club Estates,1
Country Homes,1
Country Knolls,1
Courcouronnes,1
Covedale,1
Coventry,1
Craig,1
Crailsheim,1
Crandall,1
Creedmoor,1
Crest Hill,1
Cripple Creek,1
Crockett,1
Crooksville,1
Crowley,1
Crump,1
Crystal,1
Crystal Falls,1
Cuba,1
Cucuta,1
Cuero,1
Culloden,1
Cullompton,1
Culver City,1
Cupertino,1
Curitiba,1
Curridabat,1
Cut and Shoot,1
Cutchogue,1
Cutler Bay,1
Cuyahoga Heights,1
Cynthiana,1
Cypress Lake,1
Dacula,1
Daejeon,1
Dahlgren,1
Dalzell,1
Damariscotta,1
Damascus,1
Dania Beach,1
Danvers,1
Darby Township,1
Dardenne Prairie,1
Dartmouth,1
David City,1
Dawson,1
De Motte,1
De Pere,1
De Soto,1
DeKalb,1
Dearborn,1
Dearborn Heights,1
Death Valley,1
Deatsville,1
Defiance,1
Del Rio,1
Delaware Township,1
Dell City,1
Dellwood,1
Delta,1
Deming,1
Denison,1
Denmark,1
Dentsville,1
Depew,1
Desert Edge,1
Destin,1
Detroit Lakes,1
Devine,1
Dexter,1
Di An,1
Diamond,1
Diamond Bar,1
Diller,1
Dinajpur,1
Dinuba,1
Dixon,1
Dock Junction,1
Donaldsonville,1
Donna,1
Donostia-San Sebastian,1
Dora,1
Doral,1
Doraville,1
Dortmund,1
Douala,1
Douglasville,1
Doyle,1
Drachten,1
Drobeta-Turnu Severin,1
Drumright,1
Dry Run,1
Du Quoin,1
DuBois,1
Duanesburg,1
Duchesne,1
Duck,1
Due West,1
Dumfries,1
Dunbar,1
Dundee,1
Dunmore,1
Dunn,1
Durango,1
Dusseldorf,1
Duvall,1
Dyer,1
Eagle Pass,1
Eagle River,1
Earlysville,1
Easley,1
East Chicago,1
East Granby,1
East Haven,1
East Lansing,1
East Moline,1
East Northport,1
East Orange,1
East Patchogue,1
East Ridge,1
East Sonora,1
East Windsor,1
East York,1
Eastland,1
Eastlawn Gardens,1
Eastpointe,1
Eaton,1
Eaton Rapids,1
Eatonville,1
Edgewater,1
Edinburg,1
Edwards,1
Edwardsville,1
Effingham,1
Egham,1
El Centro,1
El Dorado,1
El Dorado Springs,1
El Mirage,1
El Monte,1
El Salto,1
El Sobrante,1
El Vendrell,1
Elberton,1
Elbow Lake,1
Elburn,1
Elim,1
Elizabeth City,1
Elk Plain,1
Elk River,1
Elkins,1
Elko,1
Elkridge,1
Ellensburg,1
Ellenville,1
Ellenwood,1
Ellettsville,1
Ellicott City,1
Ellijay,1
Ellisville,1
Elmhurst,1
Elmwood Park,1
Eloy,1
Ely,1
Emeryville,1
Emigrant,1
Emigsville,1
Emporia,1
Enterprise,1
Erath,1
Erlanger,1
Espanola,1
Estero,1
Estherville,1
Estill Springs,1
Eustace,1
Evanston,1
Ewing Township,1
Excelsior Springs,1
Exeter,1
Fair Grove,1
Fair Haven,1
Fair Lawn,1
Fair Oaks,1
Fairborn,1
Fairburn,1
Fairbury,1
Fairfax,1
Fairfield Harbour,1
Fairhope,1
Fairmount,1
Fajardo,1
Fall River,1
Fallon,1
Falmouth,1
Fareham,1
Farragut,1
Fayette,1
Federal Heights,1
Fergus Falls,1
Ferguson,1
Ferrum,1
Fiesch,1
Finley,1
Fitchburg,1
Flanders,1
Flat Rock,1
Fleetwood,1
Flowood,1
Floyd,1
Folly Beach,1
Folsom,1
Fond du Lac,1
Foothill Farms,1
Forest Acres,1
Forest Hill,1
Forest Lake,1
Foresthill,1
Forney,1
Forsyth,1
Fort Atkinson,1
Fort Davis,1
Fort Dodge,1
Fort Erie,1
Fort Hunt,1
Fort Irwin,1
Fort Kent,1
Fort Lee,1
Fort Leonard Wood,1
Fort Loudon,1
Fort Lupton,1
Fort Meade,1
Fort Myers Shores,1
Fort Pierce North,1
Fort Scott,1
Fort Thomas,1
Fort White,1
Fort-de-France,1
Foster City,1
Fostoria,1
Fountain Hills,1
Fountain Inn,1
Fowlerville,1
Fox Farm-College,1
Fox Lake Hills,1
Fox River Grove,1
Foxborough,1
Franconia,1
Frauenfeld,1
French Camp,1
Fridley,1
Fritzlar,1
Frostproof,1
Fruitville,1
Fuengirola,1
Fullerton,1
Fussels Corner,1
Gahanna,1
Gaithersburg,1
Galena,1
Galesburg,1
Galloway,1
Gallup,1
Galway,1
Gantt,1
Gardiner,1
Gardnerville,1
Garrison,1
Gatesville,1
Gatlinburg,1
General Trias,1
Geneva,1
Gentofte,1
Geraldton,1
Gering,1
Germiston,1
Ghaziabad,1
Gibson,1
Gibson City,1
Gibsons,1
Giddings,1
Gig Harbor,1
Gijon,1
Gilbertsville,1
Gillette,1
Gilmer,1
Gladeview,1
Gladstone,1
Glasgow,1
Glassboro,1
Glastonbury,1
Glen Burnie,1
Glen Rock,1
Glenn Heights,1
Glens Falls,1
Gloucester City,1
Goddard,1
Gold Coast,1
Gold River,1
Golden Gate,1
Golden Grove,1
Goldendale,1
Goldenrod,1
Gonzalez,1
Goochland,1
Goodland,1
Gordo,1
Gothenburg,1
Gottingen,1
Granby,1
Grand Blanc,1
Grand Junction,1
Grand Ronde,1
Grand Terrace,1
Grandville,1
Granger,1
Grant,1
Grantham,1
Grayslake,1
Great Neck,1
Greater Napanee,1
Greater Sudbury,1
Green Cove Springs,1
Green Valley,1
Greenbush,1
Greenwood Village,1
Grimsby,1
Griswold,1
Groesbeck,1
Groningen,1
Grundy,1
Guadalajara,1
Guangzhou,1
Guelph,1
Guilford,1
Gulf Breeze,1
Gurugram,1
Guttenberg,1
Guymon,1
Gyor,1
Haarlem,1
Hachinohe,1
Hacienda Heights,1
Haddon Heights,1
Haddon Township,1
Haenam-gun,1
Haiku-Pauwela,1
Halawa,1
Haleiwa,1
Haleyville,1
Half Moon,1
Hallsville,1
Halmstad,1
Ham Lake,1
Hamel,1
Hamilton Township,1
Hamlet,1
Hamptons at Boca Raton,1
Hanamkonda,1
Hanford,1
Hardyston,1
Haridwar,1
Harker Heights,1
Harleysville,1
Harmanli,1
Harriman,1
Harrington,1
Harrison Township,1
Harrisonburg,1
Harrodsburg,1
Hartbeespoort,1
Hartford City,1
Hartsville,1
Hartville,1
Hartwell,1
Harvey,1
Harwich,1
Haslett,1
Hauula,1
Haverhill,1
Havre,1
Hawkinsville,1
Haworth,1
Hazel Dell,1
Hazelwood,1
Hazlehurst,1
Headland,1
Heath Springs,1
Heathsville,1
Heber City,1
Heber Springs,1
Heflin,1
Helena-West Helena,1
Heraklion,1
Hercules,1
Hermiston,1
Hermon,1
Herriman,1
Hesperia,1
Hesston,1
Hewitt,1
Hialeah Gardens,1
Hideout,1
Higginsville,1
High Wycombe,1
Highland Heights,1
Highland Village,1
Highlands,1
Highmore,1
Hildale,1
Hildebran,1
Hill City,1
Hilliard,1
Hillsboro Beach,1
Hillsborough,1
Hillsdale,1
Hillsville,1
Hinckley,1
Hingham,1
Hinsdale,1
Hirosaki,1
Hitachi,1
Hitchcock,1
Hodgenville,1
Hoffman Estates,1
Hogansville,1
Hohenwald,1
Holbrook,1
Holderness,1
Holdrege,1
Holiday,1
Hollins,1
Hollister,1
Holliston,1
Holly Hill,1
Holly Springs,1
Holon,1
Holstein,1
Holt,1
Holton,1
Holyrood,1
Homer Glen,1
Homewood,1
Homosassa Springs,1
Honaker,1
Hondo,1
Hongseong-gun,1
Hood River,1
Hooksett,1
Hopewell,1
Hopewell Township,1
Hopkins,1
Horn Lake,1
Hornchurch,1
Horse Pasture,1
Hotchkiss,1
Houghton,1
Howard,1
Howland Center,1
Hubbardston,1
Hudsonville,1
Huejutla de Reyes,1
Hughesville,1
Humansville,1
Humeston,1
Hunters Creek,1
Huntingburg,1
Huntington Park,1
Huntley,1
Huron,1
Huron Charter Township,1
Hurst,1
Hurstbourne,1
Hybla Valley,1
Iasi,1
Ibhayi,1
Ilford,1
Ili,1
Ilion,1
Ilkley,1
Imperial,1
Inanda,1
Independence charter Township,1
Indian Harbour Beach,1
Indian Head,1
Indianola,1
Indore,1
Ingram,1
Inniswold,1
Innsbrook,1
Innsbruck,1
Inwood,1
Ipoh,1
Iron Mountain,1
Irondale,1
Ironton,1
Islamabad,1
Island Falls,1
Islandia,1
Islip,1
Istanbul,1
Itabaiana,1
Itagui,1
Itta Bena,1
Ituzaingo,1
Iuka,1
Ivanhoe,1
Iwo,1
Izu,1
Jacksboro,1
Jackson Township,1
Jalandhar,1
Jambi,1
Jamesport,1
Jangsu-gun,1
Jasmine Estates,1
Jatibarang,1
Jayapura,1
Jefferson Valley,1
Jellico,1
Jenjarom,1
Jenkins,1
Jensen Beach,1
Jersey Village,1
Jesup,1
Jiaxing,1
Jinhua,1
Jodhpur,1
Joensuu,1
Johns Creek,1
Johnson Lane,1
Johnsonville,1
Jones,1
Jonesborough,1
Jonesport,1
Junction,1
Kaanapali,1
Kahaluu-Keauhou,1
Kalida,1
Kalifornsky,1
Kanawha,1
Kankakee,1
Kapaa,1
Karang Tengah,1
Karangtengah,1
Karon,1
Kasson,1
Kathu,1
Katrineholm,1
Katy,1
Kawela Bay,1
Kebomas,1
Kebumen,1
Kediri,1
Keeseville,1
Keizer,1
Kellogg,1
Kendall,1
Kennebunkport,1
Kennedale,1
Kenosha,1
Kentland,1
Kenwood,1
Keokuk,1
Keosauqua,1
Kepno,1
Kernersville,1
Ketchikan,1
Ketchum,1
Kewaunee,1
Keyser,1
Khartoum,1
King,1
King George,1
King of Prussia,1
Kings Park,1
Kings Point,1
Kingsbury,1
Kinsey,1
Kitchener,1
Kitzingen,1
Klampenborg,1
Kloetinge,1
Knysna,1
Kobe,1
Koh Samui,1
Kolkata,1
Koshigaya,1
Koszalin,1
Kota Kinabalu,1
Kountze,1
Kozhikode,1
Kristiansand Municipality,1
Kronenwetter,1
Krugersdorp,1
Kulim,1
Kulpsville,1
Kumasi,1
Kuwait City,1
Kyle,1
Kyrenia,1
La Canada Flintridge,1
La Concepcion,1
La Crosse,1
La Grande,1
La Habra,1
La Homa,1
La Mercy,1
La Porte City,1
La Presa,1
La Puente,1
La Quinta,1
LaFollette,1
LaPlace,1
Ladson,1
Ladue,1
Laguna Hills,1
Laguna Woods,1
Lake Barcroft,1
Lake Elmo,1
Lake Fenton,1
Lake Grove,1
Lake Jackson,1
Lake Junaluska,1
Lake Los Angeles,1
Lake Lotawana,1
Lake Magdalene,1
Lake Murray of Richland,1
Lake Oswego,1
Lake Park,1
Lake Ridge,1
Lake Stevens,1
Lake Tansi,1
Lake Wales,1
Lake Worth Corridor,1
Lakehills,1
Lakeland Highlands,1
Lakemoor,1
Lakeview,1
Lakeway,1
Lakewood Park,1
Lambertville,1
Lamoni,1
Lander,1
Landsberg am Lech,1
Landskrona,1
Langford,1
Langreo,1
Larkfield-Wikiup,1
Larned,1
Las Palmas de Gran Canaria,1
Las Pinas,1
Las Pinas City,1
Las Rozas de Madrid,1
Latrobe,1
Lauderhill,1
Laughlin,1
Launceston,1
Laurens,1
Laurie,1
Lavon,1
Lawai,1
Lawndale,1
Lawrence Township,1
Layton,1
Le Lamentin,1
Le Mans,1
Le Rheu,1
Leesville,1
Legazpi City,1
Lehi,1
Leiria,1
Leland,1
Lemoore,1
Lenasia,1
Lenoir City,1
Leo-Cedarville,1
Leominster,1
Lepanto,1
Les Herbiers,1
Lewes,1
Lewistown,1
Liberal,1
Liberty Lake,1
Libertyville,1
Lihue,1
Lille,1
Limon,1
Lincoln City,1
Linden,1
Lindon,1
Lineville,1
Linton,1
Little Falls Township,1
Liverpool,1
Locust,1
Lodi,1
Lodz,1
Logansport,1
Loma Linda,1
Lombard,1
Londrina,1
Lone Pine,1
Long Branch,1
Longwood,1
Loomis,1
Lorton,1
Los Alamitos,1
Los Altos,1
Los Banos,1
Los Lunas,1
Los Molinos,1
Loudonville,1
Loughman,1
Louisiana,1
Loves Park,1
Lower Burrell,1
Lowesville,1
Loxton,1
Lubumbashi,1
Lucknow,1
Ludhiana,1
Ludington,1
Lula,1
Lunenburg,1
Lusaka,1
Luther,1
Lutz,1
Lyman,1
Lynbrook,1
Lyndhurst,1
Lynn Haven,1
Lyss,1
Magalia,1
Magelang,1
Maggie Valley,1
Mahomet,1
Mahwah,1
Maiduguri,1
Maitland,1
Makakilo,1
Makassar,1
Malaga,1
Malden,1
Male,1
Malmo,1
Mamaroneck,1
Manado,1
Managua,1
Manassas,1
Manchester-by-the-Sea,1
Mandaue City,1
Mannford,1
Manorville,1
Manquin,1
Manson,1
Manvel,1
Maple City,1
Maple Shade,1
Maple Valley,1
Mapleton,1
Maplewood,1
Marbella,1
Marblehead,1
Marcus,1
Marengo,1
Margaret,1
Marianna,1
Maricopa,1
Marina del Rey,1
Marine City,1
Marine Corps Air Station Cherry Point,1
Mariposa,1
Marked Tree,1
Marlinton,1
Marquette,1
Martina Franca,1
Martinsville,1
Mastic,1
Matane,1
Mathiston,1
Matthews,1
Mattoon,1
Mauston,1
Maxton,1
Maxwell,1
Mayfield Heights,1
Maynardville,1
Maytown,1
McDonough,1
McLeansboro,1
Mead,1
Mead Valley,1
Meadow Vista,1
Meadow Woods,1
Meadville,1
Mechanicsburg,1
Medway,1
Melton,1
Mena,1
Mendon,1
Mendota Heights,1
Mentone,1
Merion Station,1
Merrill,1
Merrimack,1
Merrydale,1
Mertoyudan,1
Mescalero,1
Metropolis,1
Mexico,1
Micco,1
Middle River,1
Middleburg,1
Midlothian,1
Milam,1
Mill Creek,1
Millbrae,1
Millcreek,1
Millers Creek,1
Millersville,1
Millstone,1
Milton Keynes,1
Milton-Freewater,1
Mims,1
Mineral Bluff,1
Minford,1
Minnetonka,1
Minooka,1
Minsk,1
Mission,1
Mitchell,1
Mmabatho,1
Moapa Valley,1
Moberly,1
Mocksville,1
Mohave Valley,1
Mokena,1
Mokopane,1
Molalla,1
Molesey,1
Moncton,1
Monessen,1
Monino,1
Monroe Township,1
Monson,1
Montemorelos,1
Monterey,1
Monterey Park,1
Montevallo,1
Montgomery Village,1
Montpellier,1
Montrose-Ghent,1
Morehead City,1
Morenci,1
Morrilton,1
Morsang-sur-Orge,1
Mosheim,1
Mossel Bay,1
Moundridge,1
Moundsville,1
Mount Clemens,1
Mount Orab,1
Mountain Home,1
Mountain Home Air Force Base,1
Mountain Top,1
Mountainhome,1
Moxee,1
Mthatha,1
Mueang Ranong District,1
Mullins,1
Mulvane,1
Mundelein,1
Munford,1
Munich,1
Muri bei Bern,1
Murrysville,1
Muscoy,1
Mussoorie,1
Mustang Ridge,1
Myers Corner,1
Myrtle Point,1
Naalehu,1
Nacogdoches,1
Nai Mueang,1
Najran,1
Nanaimo,1
Nanuet,1
Napoleon,1
Narrowsburg,1
Nassau Village-Ratliff,1
Natchez,1
Natchitoches,1
Natick,1
National City,1
Nederland,1
Neenah,1
Nellore,1
Nelson,1
Nerima City,1
Neu-Ulm,1
Neuse Forest,1
Nevada City,1
New Brighton,1
New Buffalo,1
New Carrollton,1
New Enterprise,1
New Franklin,1
New Freedom,1
New Holland,1
New Kingstown,1
New Port Richey,1
New Smyrna Beach,1
New Tazewell,1
Newburgh,1
Newbury,1
Newfane,1
Newington,1
Newman,1
Newmarket,1
Newton-le-Willows,1
Nice,1
Niceville,1
Nicholasville,1
Nicosia,1
Nizhny Tagil,1
Noblesville,1
Noel,1
Nome,1
North Adams,1
North Arlington,1
North Aurora,1
North Bay,1
North Bay Shore,1
North Bellport,1
North Branford,1
North Canton,1
North Decatur,1
North Greece,1
North Manchester,1
North Naples,1
North New Hyde Park,1
North Ogden,1
North Potomac,1
North Royalton,1
North Saint Paul,1
Northampton,1
Northbridge,1
Northern Cambria,1
Northglenn,1
Northville,1
Northwest,1
Northwest Harborcreek,1
Norwell,1
Nottingham,1
Noumea,1
Novato,1
Novi,1
Novi Sad,1
Novosibirsk,1
Nozha 2,1
Nuestra Senora de La Paz,1
O'Fallon,1
O'Neill,1
Oak Forest,1
Oak Grove,1
Oak Harbor,1
Oak Lawn,1
Oak Leaf,1
Oakland City,1
Ocean Isle Beach,1
Ocean Pines,1
Ocean Shores,1
Ocean Springs,1
Oceano,1
Ocoee,1
Oconto,1
Oistins,1
Ojus,1
Old Jamestown,1
Olive Hill,1
Oliveira do Bairro,1
Oliver Springs,1
Omro,1
Oneonta,1
Oostburg,1
Opa-locka,1
Opp,1
Oradell,1
Orange City,1
Orange Lake,1
Oranjestad,1
Orchard Park,1
Orcutt,1
Ordu,1
Oregon City,1
Orillia,1
Orleans,1
Ormond Beach,1
Orono,1
Orrville,1
Orwell,1
Osceola,1
Oshawa,1
Oslo Municipality,1
Ostrava,1
Otsego,1
Ottawa,1
Ouagadougou,1
Oudtshoorn,1
Oulu,1
Ourense,1
Owenton,1
Pace,1
Pacific Grove,1
Pacifica,1
Page,1
Pahokee,1
Palatine,1
Palembang,1
Palermo,1
Palm Springs,1
Palmview,1
Palo Cedro,1
Palolo,1
Panama City Beach,1
Panguitch,1
Panhandle,1
Panorama,1
Paragould,1
Paramus,1
Paranaque,1
Park Falls,1
Park River,1
Parkers Prairie,1
Parkersburg,1
Paso Robles,1
Paso del Rey,1
Passaic,1
Pataskala,1
Paterson,1
Pati,1
Patiala,1
Pavia,1
Paw Paw,1
Pawling,1
Pawnee,1
Pawtucket,1
Payette,1
Peabody,1
Peach Lake,1
Pearsall,1
Pecan Grove,1
Peekskill,1
Pelham,1
Pelican Rapids,1
Pell City,1
Pembroke,1
Pennsville Township,1
Pequannock Township,1
Perintalmanna,1
Perm,1
Perrysburg,1
Perwez,1
Petal,1
Pewaukee,1
Phelan,1
Phelps,1
Phenix City,1
Phillipsburg,1
Piedras Negras,1
Pierre,1
Pierz,1
Piggott,1
Pike Creek,1
Piketon,1
Pinckney,1
Pine Knot,1
Pine Ridge,1
Pinedale,1
Pingree Grove,1
Pinson,1
Pioche,1
Piraeus,1
Pitesti,1
Pittsburg,1
Pittsgrove Township,1
Placid Lakes,1
Plainview,1
Plant City,1
Plantation,1
Pleasant Grove,1
Ploiesti,1
Plovdiv Province,1
Pocatello,1
Point Roberts,1
Pompano Beach,1
Poplar Bluff,1
Port Aransas,1
Port Arthur,1
Port Deposit,1
Port Edward,1
Port Huron charter Township,1
Port Lavaca,1
Port Neches,1
Port Saint John,1
Port Sulphur,1
Port Townsend,1
Port Washington,1
Portales,1
Porterville,1
Porto,1
Potchefstroom,1
Potomac,1
Pottstown,1
Pottsville,1
Poughkeepsie,1
Poway,1
Powdersville,1
Powell,1
Powhatan,1
Prairie Grove,1
Prairieville,1
Prattville,1
Presidente Prudente,1
Presidio,1
Prestonsburg,1
Primera,1
Princess Anne,1
Probolinggo,1
Progreso,1
Prosperity,1
Prosser,1
Pruszkow,1
Puebla,1
Punta Gorda,1
Purcellville,1
Purworejo,1
Puyallup,1
Quakertown,1
Quebec City,1
Queen Creek,1
Queensbury,1
Quinton,1
Radford,1
Raeford,1
Rainsville,1
Rajkot,1
Rajshahi,1
Ramnicu Valcea,1
Ramos Mejia,1
Rancho Mirage,1
Ranson,1
Rapid City,1
Rapids,1
Rathdrum,1
Raunds,1
Ravenswood,1
Raymondville,1
Raymore,1
Red Bank,1
Red Bluff,1
Red Lodge,1
Red Oak,1
Red Wing,1
Redan,1
Redlands,1
Redmond,1
Redondo Beach,1
Redruth,1
Redwood City,1
Regen,1
Regina,1
Rehoboth Beach,1
Rendon,1
Renton,1
Reykjavik,1
Reynoldsburg,1
Rheine,1
Rhome,1
Rialto,1
Rib Lake,1
Rice,1
Rice Lake,1
Richfield,1
Richland Center,1
Richton,1
Riga,1
Rijeka,1
Ringgold,1
Rio Linda,1
Rio Rico,1
Rio Vista,1
Rising Sun,1
River Falls,1
River Ridge,1
Riverbank,1
Riverdale,1
Riviera Beach,1
Robbins,1
Robertsdale,1
Robinson,1
Robstown,1
Rochelle,1
Rockaway Township,1
Rockhampton,1
Rockland,1
Rockton,1
Rockwall,1
Rockwell,1
Rockwell City,1
Rockwood,1
Rohtak,1
Rolling Meadows,1
Romeoville,1
Romney,1
Roosevelt,1
Rosamond,1
Roscommon Township,1
Rose City,1
Roslyn,1
Rossville,1
Rotherham,1
Rotorua,1
Rotterdam,1
Roxborough Park,1
Roxbury Township,1
Royal City,1
Royal Oak,1
Ruckersville,1
Ruffin,1
Rugby,1
Rumaithiya,1
Runnemede,1
Rushford,1
Rusk,1
Ruskin,1
Rustburg,1
Rutherford,1
Rutherfordton,1
Rutherglen,1
Rutledge,1
Rye Brook,1
Rzeszow,1
Saihat,1
Saint Augustine Shores,1
Saint Clairsville,1
Saint David,1
Saint Francis,1
Saint James,1
Saint Leonard,1
Saint Marys,1
Saint Paris,1
Saint Petersburg,1
Saint-Anselme,1
Saint-Hyacinthe,1
Saint-Jacques-de-la-Lande,1
Sainte-Genevieve-des-Bois,1
Sainte-Marie,1
Saldanha,1
Salford,1
Salta,1
Saltville,1
Salunga-Landisville,1
San Augustine,1
San Bruno,1
San Clemente,1
San Gabriel,1
San Isidro de El General,1
San Jose del Cabo,1
San Jose del Monte City,1
San Juan del Rio,1
San Justo,1
San Luis Rio Colorado,1
San Salvador de Jujuy,1
Sanborn,1
Sand Springs,1
Sandalfoot Cove,1
Sandefjord,1
Sandpoint,1
Sandwich,1
Sandy,1
Sannois,1
Sant Cugat del Valles,1
Santa Barbara,1
Santa Catarina,1
Santa Monica,1
Santarem,1
Santee,1
Santiago,1
Santiago De Los Caballeros,1
Santiago de Queretaro,1
Santiago del Estero,1
Sao Jose dos Campos,1
Sapporo,1
Saranac Lake,1
Sarcoxie,1
Saskatoon,1
Sassari,1
Saugatuck,1
Sautee Nacoochee,1
Savage,1
Saxapahaw,1
Sayville,1
Schiphol,1
Schrobenhausen,1
Scottsbluff,1
Scottville,1
Seabrook,1
Seaford,1
Sebewaing,1
Secaucus,1
Secunda,1
Sedan,1
Seekonk,1
Seguin,1
Sells,1
Selmer,1
Semmes,1
Sergeant Bluff,1
Setagaya City,1
Seuzach,1
Seven Devils,1
Severn,1
Seward,1
Shady Hills,1
Shafter,1
Shah Alam,1
Shaker Heights,1
Shallotte,1
Shamokin,1
Shasta Lake,1
Sheboygan,1
Sheffield,1
Shelburne,1
Shelby,1
Shelley,1
Shelton,1
Shenandoah,1
Shepherd,1
Sherburn,1
Sherman,1
Sherwood,1
Shibuya,1
Shiner,1
Shippensburg,1
Shorewood,1
Shrewsbury,1
Si Maha Phot,1
Sibiu,1
Sibley,1
Sienna,1
Sigmaringen,1
Siler City,1
Silsbee,1
Silver Lake,1
Silver Springs Shores,1
Silverdale,1
Simsbury,1
Sint-Niklaas,1
Sioux Rapids,1
Skippack,1
Skokie,1
Slagelse,1
Slater-Marietta,1
Slayton,1
Sleepy Hollow,1
Smackover,1
Smiths Station,1
Smithton,1
Smoke Rise,1
Smyrna,1
Snyder,1
Soddy-Daisy,1
Soest,1
Solana Beach,1
Solihull,1
Soperton,1
Sora,1
South Amboy,1
South Bradenton,1
South Charleston,1
South El Monte,1
South Elgin,1
South Gate Ridge,1
South Hill,1
South Jordan,1
South Kingstown,1
South Milwaukee,1
South Ogden,1
South Oroville,1
South Plainfield,1
South Saint Paul,1
South San Francisco,1
South Venice,1
Southaven,1
Southside,1
Spackenkill,1
Spanaway,1
Spearman,1
Spencer,1
Spiceland,1
Spijkenisse,1
Spring Grove,1
Spring Lake,1
Springport,1
Springtown,1
St Helier,1
St. Charles,1
St. John's,1
St. Joseph,1
St. Thomas,1
Stafford,1
Stanford,1
Stanfordville,1
Star City,1
Stateburg,1
Statesville,1
Steger,1
Stephens City,1
Stephenson,1
Stephenville,1
Steubenville,1
Stigler,1
Stockbridge,1
Stockerau,1
Stoddard,1
Stoughton,1
Stranraer,1
Stratford,1
Stratham,1
Street,1
Strongsville,1
Suamico,1
Sudbury,1
Sugarmill Woods,1
Sulphur Springs,1
Sumiton,1
Summerton,1
Summit Township,1
Sun City,1
Sun Village,1
Sunnyside,1
Surbiton,1
Surfside Beach,1
Surrey,1
Suttons Bay,1
Swannanoa,1
Swanton,1
Swanzey,1
Swartz,1
Sweet Home,1
Swepsonville,1
Swoyersville,1
Sylhet,1
Taean-gun,1
Taft,1
Taguig,1
Takoma Park,1
Tallinn,1
Tallmadge,1
Tangerang,1
Tanjung Pandan,1
Tanza,1
Tappahannock,1
Tappan,1
Tarboro,1
Tarogong Kaler,1
Tashkent,1
Tasikmalaya,1
Tavares,1
Tavernier,1
Taylorsville,1
Tehran,1
Tel Aviv-Yafo,1
Telford,1
Tellico Plains,1
Teluk Ambon,1
Teluk Intan,1
Temperance,1
Terrace Heights,1
Tewksbury,1
Texas City,1
The Colony,1
The Dalles,1
The Pinery,1
Thembisa,1
Thetford Mines,1
Thief River Falls,1
Thodupuzha,1
Thohoyandou,1
Thomas,1
Thomaston,1
Thompson,1
Thomson,1
Thorntown,1
Three Lakes,1
Three Points,1
Three Rivers,1
Thurmont,1
Ticonderoga,1
Tiffin,1
Tigard,1
Tilburg,1
Timisoara,1
Tipp City,1
Tipton,1
Tobyhanna,1
Toccoa,1
Tokorozawa,1
Tolleson,1
Toluca,1
Tomahawk,1
Tonawanda,1
Tonganoxie,1
Tonopah,1
Toowoomba,1
Toppenish,1
Topsfield,1
Torquay,1
Torrance,1
Torrevieja,1
Toshima City,1
Toulouse,1
Towaoc,1
Towson,1
Travelers Rest,1
Trempealeau,1
Trento,1
Tri-City,1
Trophy Club,1
Trotwood,1
Troutdale,1
Trussville,1
Tryon,1
Trzebinia,1
Tucumcari,1
Tula,1
Tularosa,1
Tumwater,1
Tusayan,1
Tuscola,1
Tuskegee,1
Tuttle,1
Tuxtla Gutierrez,1
Tuzla,1
Twentynine Palms,1
Twinsburg,1
Two Rivers,1
Tyrone,1
Tysons,1
Tzaneen,1
Ubud,1
Ulaanbaatar,1
Umlazi,1
Umm al-Fahm,1
Underhill,1
Union Beach,1
Union Park,1
Union Springs,1
Union charter Township,1
University Heights,1
Upper Deerfield Township,1
Upper Nazareth Township,1
Upplands Vasby,1
Urtenen-Schonbuhl,1
Utrecht,1
Vadakkuvalliyur,1
Vadnais Heights,1
Vadodara,1
Val-des-Sources,1
Valdese,1
Valladolid,1
Valle Vista,1
Vallejo,1
Valley,1
Valley Center,1
Vansant,1
Vaslui,1
Vaughan,1
Vecindario,1
Verdigris,1
Vermilion,1
Vermillion,1
Vernal,1
Vernon Hills,1
Vero Beach South,1
Verona,1
Vidalia,1
Vidin,1
Vilanova i la Geltru,1
Villanova,1
Villas,1
Villaviciosa de Odon,1
Vine Grove,1
Vineyards,1
Voluntari,1
Voorhees Township,1
Wadena,1
Wadsworth,1
Wahiawa,1
Waihee-Waiehu,1
Wailea-Makena,1
Wailua Homesteads,1
Wailuku,1
Waipahu,1
Wakarusa,1
Waldorf,1
Waldwick,1
Wall Township,1
Waller,1
Wallis,1
Walnut Ridge,1
Walthourville,1
Warangal,1
Warden,1
Ware Shoals,1
Warrenville,1
Warrington,1
Warroad,1
Warwick,1
Wasco,1
Washington Court House,1
Washington Heights,1
Washougal,1
Waskom,1
Watchung,1
Waterbury,1
Waterville,1
Wauchula,1
Waukegan,1
Waupaca,1
Wausau,1
Wauseon,1
Wauwatosa,1
Waxahachie,1
Waynesville,1
Weaverville,1
Webb City,1
Webbers Falls,1
Weddington,1
Wedowee,1
Wekiwa Springs,1
Welcome,1
Welkom,1
Wellford,1
Wembley,1
Wentzville,1
West Bloomfield Township,1
West Goshen,1
West Hartford,1
West Hempstead,1
West Henrietta,1
West Hollywood,1
West Islip,1
West Karawang,1
West Kelowna,1
West Lafayette,1
West Liberty,1
West Newbury,1
West Odessa,1
West Pensacola,1
West Plains,1
West Puente Valley,1
West Sand Lake,1
West Warwick,1
Westbrook,1
Westbury,1
Westby,1
Wheatland,1
Whitby,1
White Settlement,1
Whitehouse,1
Whitesboro,1
Whitestown,1
Whiteville,1
Whiting,1
Whitley City,1
Whitman,1
Whitney,1
Wiggins,1
Wild Peach Village,1
Wildomar,1
Wildwood,1
Wildwood Crest,1
Wilkes-Barre,1
Wilkins Township,1
Willcox,1
Williams,1
Williamstown,1
Williamsville,1
Willingboro,1
Willow Park,1
Willow Springs,1
Willow Street,1
Willows,1
Wilton,1
Wimauma,1
Winamac,1
Winchendon,1
Winnemucca,1
Winnfield,1
Winnie,1
Winona Lake,1
Winston,1
Winter,1
Winter Gardens,1
Wisconsin Dells,1
Wisconsin Rapids,1
Wixom,1
Woburn,1
Wolfeboro,1
Woodbridge Township,1
Woodcliff Lake,1
Woodland Park,1
Woodmere,1
Woodruff,1
Woods Creek,1
Woodsfield,1
Woodville,1
Woodward,1
Woodway,1
Wooster,1
Worland,1
Worthing,1
Worthington,1
Wuhan,1
Wyandotte,1
Wynne,1
Wyomissing,1
Xi'An,1
Yachiyo,1
Yamaguchi,1
Yanbu,1
Yanceyville,1
Yates Center,1
Yeadon,1
Yellville,1
Yeovil,1
Yokohama,1
Yorkshire,1
Yorktown,1
Yucca Valley,1
Yulee,1
Zachary,1
Zalaegerszeg,1
Zibata,1
Zilina,1
Zillah,1
Zionsville,1

#  
# Start date: 20240909
# End date: 20250909
Gender,Active users
female,2413
male,2201

#  
# Start date: 20240909
# End date: 20250909
Interests,Active users
Lifestyles & Hobbies/Shutterbugs,1445
Technology/Social Media Enthusiasts,1401
Technology/Technophiles,1148
Home & Garden/Home Decor Enthusiasts,1087
News & Politics/Avid News Readers/Entertainment News Enthusiasts,1077
Banking & Finance/Avid Investors,1049
Lifestyles & Hobbies/Business Professionals,1007
News & Politics/Avid News Readers,922
Home & Garden/Do-It-Yourselfers,896
Shoppers/Shopping Enthusiasts,807
Travel/Travel Buffs,773
Media & Entertainment/Book Lovers,732
Technology/Mobile Enthusiasts,703
Travel/Travel Buffs/Beachbound Travelers,680
Media & Entertainment/Movie Lovers,659
Vehicles & Transportation/Auto Enthusiasts,605
Food & Dining/Cooking Enthusiasts/Aspiring Chefs,597
News & Politics/Avid News Readers/Avid Business News Readers,594
Media & Entertainment/Music Lovers,575
Media & Entertainment/Comics & Animation Fans,574
Lifestyles & Hobbies/Outdoor Enthusiasts,544
Lifestyles & Hobbies/Green Living Enthusiasts,514
Media & Entertainment/Light TV Viewers,498
Media & Entertainment/TV Lovers,485
Sports & Fitness/Sports Fans,408
Media & Entertainment/Music Lovers/Pop Music Fans,385
Media & Entertainment/Gamers/Hardcore Gamers,379
Media & Entertainment/TV Lovers/TV Drama Fans,375
Shoppers/Shoppers by Store Type/Department Store Shoppers,375
Shoppers/Bargain Hunters,374
Media & Entertainment/Gamers/Casual & Social Gamers,366
Lifestyles & Hobbies/Pet Lovers,360
Sports & Fitness/Health & Fitness Buffs,360
Lifestyles & Hobbies/Family-Focused,358
News & Politics/Avid News Readers/Avid Political News Readers,355
Beauty & Wellness/Frequently Visits Salons,354
Sports & Fitness/Sports Fans/Fans of American Football,353
Beauty & Wellness/Beauty Mavens,340
Food & Dining/Cooking Enthusiasts,322
Sports & Fitness/Sports Fans/Basketball Fans,320
"Media & Entertainment/TV Lovers/Game, Reality & Talk Show Fans",314
Media & Entertainment/Gamers,309
Travel/Travel Buffs/Luxury Travelers,301
Lifestyles & Hobbies/Fashionistas,282
Lifestyles & Hobbies/Pet Lovers/Dog Lovers,265
News & Politics/Avid News Readers/Avid Local News Readers,261
Shoppers/Luxury Shoppers,257
Sports & Fitness/Sports Fans/Water Sports Enthusiasts,255
Banking & Finance,230
Media & Entertainment/Gamers/Action Game Fans,219
Food & Dining/Foodies,214
Media & Entertainment/Music Lovers/Country Music Fans,208
Vehicles & Transportation/Auto Enthusiasts/Truck & SUV Enthusiasts,207
Lifestyles & Hobbies/Frequently Attends Live Events,196
Media & Entertainment/Movie Lovers/Sci-Fi & Fantasy Movie Fans,196
Vehicles & Transportation/Auto Enthusiasts/Performance & Luxury Vehicle Enthusiasts,194
Food & Dining/Cooking Enthusiasts/30 Minute Chefs,185
Media & Entertainment/TV Lovers/TV Comedy Fans,182
Media & Entertainment/Gamers/Roleplaying Game Fans,178
Lifestyles & Hobbies/Art & Theater Aficionados,175
Travel/Travel Buffs/Family Vacationers,174
Shoppers/Value Shoppers,172
Media & Entertainment/TV Lovers/Documentary & Nonfiction TV Fans,171
Food & Dining/Frequently Dines Out/Diners by Meal/Frequently Eats Dinner Out,165
Media & Entertainment/Music Lovers/Rock Music Fans,160
Media & Entertainment/Music Lovers/Metalheads,159
Media & Entertainment/Gamers/Adventure & Strategy Game Fans,157
Sports & Fitness/Sports Fans/Hockey Fans,153
Food & Dining/Frequently Dines Out/Diners by Meal/Frequently Eats Lunch Out,151
Sports & Fitness/Sports Fans/Soccer Fans,142
Sports & Fitness/Sports Fans/Baseball Fans,140
Media & Entertainment/Movie Lovers/Romance & Drama Movie Fans,136
Shoppers/Shoppers by Store Type/Convenience Store Shoppers,132
Food & Dining/Fast Food Cravers,125
Media & Entertainment/Movie Lovers/Action & Adventure Movie Fans,118
Food & Dining/Coffee Shop Regulars,117
News & Politics/Avid News Readers/Women's Media Fans,106
Food & Dining/Frequently Dines Out/Diners by Meal,105
Lifestyles & Hobbies/Nightlife Enthusiasts,105
Media & Entertainment/Music Lovers/Rap & Hip Hop Fans,105
Sports & Fitness/Sports Fans/Motor Sports Enthusiasts,102
Travel/Business Travelers,100
Media & Entertainment/Gamers/Shooter Game Fans,99
Lifestyles & Hobbies/Pet Lovers/Cat Lovers,91
Media & Entertainment/TV Lovers/Sci-Fi & Fantasy TV Fans,88
Beauty & Wellness,86
Media & Entertainment/Movie Lovers/Comedy Movie Fans,86
Sports & Fitness/Sports Fans/Racquetball Enthusiasts,84
Media & Entertainment/Movie Lovers/Family Movie Fans,83
Sports & Fitness/Sports Fans/Boating & Sailing Enthusiasts,82
Sports & Fitness/Sports Fans/Winter Sports Enthusiasts,81
Sports & Fitness/Sports Fans/Skiing Enthusiasts,80
Food & Dining,79
Vehicles & Transportation/Auto Enthusiasts/Motorcycle Enthusiasts,79
Lifestyles & Hobbies/Thrill Seekers,69
Travel/Travel Buffs/Snowbound Travelers,66
Home & Garden,65
Sports & Fitness/Sports Fans/Golf Enthusiasts,65
Media & Entertainment/Gamers/Driving & Racing Game Fans,64
Food & Dining/Frequently Dines Out/Diners by Meal/Frequently Eats Breakfast Out,63
Sports & Fitness/Sports Fans/Tennis Enthusiasts,60
Media & Entertainment/Music Lovers/Indie & Alternative Rock Fans,58
Vehicles & Transportation,58
Shoppers/Shoppers by Store Type/Superstore Shoppers,57
Sports & Fitness/Sports Fans/Running Enthusiasts,53
Shoppers/Apparel Buying Habits,51
Sports & Fitness,50
Media & Entertainment/TV Lovers/Family Television Fans,47
Shoppers/Shoppers by Store Type,45
Media & Entertainment/Music Lovers/World Music Fans,43
Media & Entertainment/Music Lovers/Classical Music Enthusiasts,42
News & Politics/Avid News Readers/Men's Media Fans,42
Media & Entertainment/Music Lovers/Electronic Dance Music Fans,38
Media & Entertainment/Movie Lovers/Horror Movie Fans,34
Sports & Fitness/Sports Fans/Fight & Wrestling Fans,34
Sports & Fitness/Sports Fans/Swimming Enthusiasts,34
Media & Entertainment,32
Sports & Fitness/Sports Fans/Cycling Enthusiasts,29
Media & Entertainment/Movie Lovers/Fans of South Asian Film,28
Technology,28
Sports & Fitness/Sports Fans/Rugby Enthusiasts,26
Shoppers,23
Media & Entertainment/Music Lovers/Folk & Traditional Music Enthusiasts,20
Travel,20
Sports & Fitness/Sports Fans/Fans of Australian Football,19
Media & Entertainment/Gamers/Sports Game Fans,18
Food & Dining/Frequently Dines Out,17
Sports & Fitness/Sports Fans/Cricket Enthusiasts,16
News & Politics/Avid News Readers/Avid World News Readers,15
Media & Entertainment/Music Lovers/Fans of Latin Music,12
Media & Entertainment/Music Lovers/Jazz Enthusiasts,12
Media & Entertainment/Music Lovers/Blues Fans,11

#  
# Start date: 20240909
# End date: 20250909
Age,Active users
25-34,1086
45-54,744
35-44,738
18-24,700
55-64,551
65+,551

#  
# Start date: 20240909
# End date: 20250909
Language,Active users
English,19500
Spanish,741
Russian,223
Arabic,155
French,105
Chinese,85
German,70
Portuguese,34
Indonesian,31
Japanese,31
Italian,23
Polish,21
Romanian,20
Bengali,19
Bulgarian,17
Burmese,16
Korean,13
Greek,12
Persian,12
Thai,10
Hungarian,9
Swedish,9
Afrikaans,8
Dutch,8
Vietnamese,8
Turkish,7
Hindi,6
Urdu,6
Azerbaijani,5
Amharic,3
Basque,3
Danish,3
Slovak,3
Slovenian,3
Czech,2
Hebrew,2
Nepali,2
Pushto,2
Swahili,2
Tamil,2
Ukrainian,2
Albanian,1
Armenian,1
Bosnian,1
Croatian,1
Finnish,1
Georgian,1
Hausa,1
Icelandic,1
Interlingua,1
Malay,1
Malayalam,1
Norwegian Bokml,1
Oromo,1
Serbian,1
Southern Sotho,1
Uzbek,1

#  
# Start date: 20250513
# End date: 20250909
Cohort,Average 120d value
0000,0
0001,0
0002,0
0003,0
0004,0
0005,0
0006,0
0007,0
0008,0
0009,0
0010,0
0011,0
0012,0
0013,0
0014,0
0015,0
0016,0
0017,0
0018,0
0019,0
0020,0
0021,0
0022,0
0023,0
0024,0
0025,0
0026,0
0027,0
0028,0
0029,0
0030,0
0031,0
0032,0
0033,0
0034,0
0035,0
0036,0
0037,0
0038,0
0039,0
0040,0
0041,0
0042,0
0043,0
0044,0
0045,0
0046,0
0047,0
0048,0
0049,0
0050,0
0051,0
0052,0
0053,0
0054,0
0055,0
0056,0
0057,0
0058,0
0059,0
0060,0
0061,0
0062,0
0063,0
0064,0
0065,0
0066,0
0067,0
0068,0
0069,0
0070,0
0071,0
0072,0
0073,0
0074,0
0075,0
0076,0
0077,0
0078,0
0079,0
0080,0
0081,0
0082,0
0083,0
0084,0
0085,0
0086,0
0087,0
0088,0
0089,0
0090,0
0091,0
0092,0
0093,0
0094,0
0095,0
0096,0
0097,0
0098,0
0099,0
0100,0
0101,0
0102,0
0103,0
0104,0
0105,0
0106,0
0107,0
0108,0
0109,0
0110,0
0111,0
0112,0
0113,0
0114,0
0115,0
0116,0
0117,0
0118,0
0119,0